200,3.07
201,2.941096802
202,2.817110404
203,2.697938938
204,2.583480538
205,2.473633338
206,2.368295471
207,2.26736507
208,2.170740269
209,2.078319201
210,1.99
211,1.905680799
212,1.825259731
213,1.74863493
214,1.675704529
215,1.606366662
216,1.540519462
217,1.478061062
218,1.418889596
219,1.362903198
220,1.31
221,1.260077003
222,1.213026673
223,1.168740343
224,1.127109345
225,1.088025014
226,1.051378682
227,1.017061681
228,0.984965345
229,0.954981007
230,0.927
231,0.90090019
232,0.876505578
233,0.8536267
234,0.83207409
235,0.811658282
236,0.792189812
237,0.773479213
238,0.755337022
239,0.737573773
240,0.72
241,0.702472237
242,0.685031014
243,0.667762857
244,0.650754296
245,0.634091859
246,0.617862072
247,0.602151465
248,0.587046565
249,0.572633901
250,0.559
251,0.546203861
252,0.534194367
253,0.522892871
254,0.512220725
255,0.502099284
256,0.492449899
257,0.483193926
258,0.474252716
259,0.465547623
260,0.457
261,0.448541318
262,0.440143518
263,0.431788661
264,0.423458804
265,0.415136007
266,0.40680233
267,0.398439831
268,0.390030571
269,0.381556607
270,0.373
271,0.364351867
272,0.355639559
273,0.346899487
274,0.33816806
275,0.329481688
276,0.320876781
277,0.312389749
278,0.304057002
279,0.295914949
280,0.288
281,0.280334214
282,0.272882244
283,0.26559439
284,0.258420955
285,0.251312239
286,0.244218545
287,0.237090172
288,0.229877423
289,0.222530598
290,0.215
291,0.207258276
292,0.199367465
293,0.191411951
294,0.183476119
295,0.175644354
296,0.16800104
297,0.160630563
298,0.153617308
299,0.147045658
300,0.141
301,0.13554168
302,0.130639895
303,0.126240805
304,0.122290569
305,0.118735345
306,0.115521294
307,0.112594575
308,0.109901347
309,0.107387769
310,0.105
311,0.102692403
312,0.100452154
313,0.098274629
314,0.096155207
315,0.094089265
316,0.092072183
317,0.090099337
318,0.088166106
319,0.086267868
320,0.0844
321,0.082559306
322,0.08074829
323,0.07897088
324,0.077231005
325,0.075532594
326,0.073879575
327,0.072275877
328,0.07072543
329,0.069232161
330,0.0678
331,0.066431272
332,0.065121886
333,0.063866152
334,0.062658374
335,0.06149286
336,0.060363918
337,0.059265854
338,0.058192975
339,0.057139588
340,0.0561
341,0.055069607
342,0.054048164
343,0.053036514
344,0.052035499
345,0.051045964
346,0.050068752
347,0.049104707
348,0.04815467
349,0.047219487
350,0.0463
351,0.045396799
352,0.044509457
353,0.043637293
354,0.042779629
355,0.041935782
356,0.041105072
357,0.04028682
358,0.039480344
359,0.038684964
360,0.0379
361,0.037124298
362,0.036354809
363,0.035588012
364,0.034820386
365,0.034048409
366,0.033268559
367,0.032477315
368,0.031671154
369,0.030846557
370,0.03
371,0.029130411
372,0.028246508
373,0.027359457
374,0.026480427
375,0.025620583
376,0.024791093
377,0.024003122
378,0.023267839
379,0.022596409
380,0.022
381,0.02148626
382,0.021048761
383,0.020677558
384,0.020362706
385,0.020094259
386,0.019862271
387,0.019656797
388,0.019467891
389,0.019285607
390,0.0191
391,0.018903351
392,0.018696849
393,0.01848391
394,0.018267948
395,0.018052381
396,0.017840623
397,0.01763609
398,0.017442198
399,0.017262363
400,0.0171
401,0.016957536
402,0.016833443
403,0.016725204
404,0.016630301
405,0.016546218
406,0.016470437
407,0.016400443
408,0.016333716
409,0.016267741
410,0.0162
411,0.016128405
412,0.016052579
413,0.015972576
414,0.015888448
415,0.015800248
416,0.015708027
417,0.01561184
418,0.015511738
419,0.015407774
420,0.0153
421,0.015188845
422,0.01507624
423,0.014964492
424,0.014855907
425,0.014752792
426,0.014657453
427,0.014572198
428,0.014499333
429,0.014441165
430,0.0144
431,0.014377214
432,0.014370459
433,0.014376456
434,0.014391924
435,0.014413585
436,0.014438159
437,0.014462367
438,0.014482929
439,0.014496567
440,0.0145
441,0.014491198
442,0.014473123
443,0.014449986
444,0.014425997
445,0.014405369
446,0.014392311
447,0.014391034
448,0.014405749
449,0.014440668
450,0.0145
451,0.014586195
452,0.01469465
453,0.014819002
454,0.014952887
455,0.01508994
456,0.015223798
457,0.015348098
458,0.015456474
459,0.015542562
460,0.0156
461,0.015624824
462,0.015622678
463,0.015601607
464,0.015569656
465,0.015534871
466,0.015505296
467,0.015488976
468,0.015493957
469,0.015528283
470,0.0156
471,0.015714609
472,0.015867438
473,0.01605127
474,0.016258888
475,0.016483077
476,0.016716619
477,0.016952299
478,0.0171829
479,0.017401206
480,0.0176
481,0.017774739
482,0.01793157
483,0.018079314
484,0.018226791
485,0.018382822
486,0.018556228
487,0.018755828
488,0.018990443
489,0.019268893
490,0.0196
491,0.019990535
492,0.020439082
493,0.020942174
494,0.021496346
495,0.022098133
496,0.02274407
497,0.02343069
498,0.024154529
499,0.024912121
500,0.0257
501,0.026515919
502,0.027362502
503,0.02824359
504,0.029163023
505,0.030124644
506,0.031132293
507,0.032189812
508,0.033301042
509,0.034469824
510,0.0357
511,0.036990887
512,0.038323709
513,0.039675167
514,0.041021961
515,0.042340791
516,0.043608358
517,0.044801362
518,0.045896503
519,0.046870483
520,0.0477
521,0.048369532
522,0.04889466
523,0.049298741
524,0.049605133
525,0.049837192
526,0.050018275
527,0.05017174
528,0.050320945
529,0.050489246
530,0.0507
531,0.050972084
532,0.051306449
533,0.051699567
534,0.052147908
535,0.052647942
536,0.053196142
537,0.053788976
538,0.054422917
539,0.055094435
540,0.0558
541,0.056535932
542,0.057297942
543,0.05808159
544,0.058882436
545,0.059696039
546,0.060517958
547,0.061343755
548,0.062168987
549,0.062989216
550,0.0638
551,0.064597288
552,0.065378582
553,0.066141772
554,0.066884749
555,0.067605403
556,0.068301625
557,0.068971305
558,0.069612334
559,0.070222602
560,0.0708
561,0.071348016
562,0.071892531
563,0.072465023
564,0.07309697
565,0.07381985
566,0.074665143
567,0.075664326
568,0.076848877
569,0.078250276
570,0.0799
571,0.081820547
572,0.083998495
573,0.086411438
574,0.089036973
575,0.091852697
576,0.094836204
577,0.097965092
578,0.101216957
579,0.104569394
580,0.108
581,0.111501694
582,0.115128691
583,0.118950526
584,0.123036738
585,0.127456864
586,0.13228044
587,0.137577005
588,0.143416095
589,0.149867248
590,0.157
591,0.164846776
592,0.173291543
593,0.182181158
594,0.191362475
595,0.200682348
596,0.209987634
597,0.219125187
598,0.227941863
599,0.236284515
600,0.244
601,0.250971203
602,0.257225137
603,0.262824842
604,0.267833363
605,0.272313742
606,0.276329022
607,0.279942245
608,0.283216454
609,0.286214691
610,0.289
611,0.291625411
612,0.294103911
613,0.296438473
614,0.298632072
615,0.300687682
616,0.302608277
617,0.304396832
618,0.306056322
619,0.30758972
620,0.309
621,0.310292152
622,0.311479221
623,0.312576267
624,0.31359835
625,0.314560531
626,0.315477869
627,0.316365425
628,0.317238259
629,0.318111431
630,0.319
631,0.319915982
632,0.320859207
633,0.32182646
634,0.322814528
635,0.323820194
636,0.324840245
637,0.325871466
638,0.326910642
639,0.327954558
640,0.329
641,0.330053922
642,0.331163953
643,0.332387893
644,0.333783539
645,0.335408692
646,0.337321149
647,0.33957871
648,0.342239173
649,0.345360337
650,0.349
651,0.353189332
652,0.357852982
653,0.36288897
654,0.368195315
655,0.373670038
656,0.379211157
657,0.384716694
658,0.390084666
659,0.395213095
660,0.4
661,0.404366751
662,0.408328119
663,0.411922228
664,0.4151872
665,0.418161157
666,0.420882221
667,0.423388515
668,0.425718161
669,0.427909282
670,0.43
671,0.432024665
672,0.434002541
673,0.435949117
674,0.437879885
675,0.439810335
676,0.441755958
677,0.443732246
678,0.445754688
679,0.447838776
680,0.45
681,0.452274588
682,0.454781718
683,0.457661305
684,0.461053261
685,0.465097503
686,0.469933945
687,0.475702501
688,0.482543086
689,0.490595614
690,0.5
691,0.510846981
692,0.523030586
693,0.536395665
694,0.55078707
695,0.566049652
696,0.582028261
697,0.59856775
698,0.615512968
699,0.632708768
700,0.65
701,0.667276487
702,0.684607938
703,0.702109035
704,0.719894458
705,0.738078889
706,0.756777009
707,0.776103499
708,0.79617304
709,0.817100314
710,0.839
711,0.862019071
712,0.886433662
713,0.912552195
714,0.940683097
715,0.971134791
716,1.004215701
717,1.040234253
718,1.07949887
719,1.122317978
720,1.169
721,1.219736227
722,1.274249415
723,1.332145184
724,1.393029155
725,1.456506948
726,1.522184187
727,1.58966649
728,1.658559479
729,1.728468775
730,1.799
731,1.869687019
732,1.939776678
733,2.00844407
734,2.074864285
735,2.138212415
736,2.197663553
737,2.252392788
738,2.301575214
739,2.34438592
740,2.38
741,2.407903698
742,2.428827872
743,2.443814537
744,2.453905706
745,2.46014339
746,2.463569602
747,2.465226357
748,2.466155666
749,2.467399543
750,2.47
751,2.474749191
752,2.481439832
753,2.489614781
754,2.498816893
755,2.508589026
756,2.518474038
757,2.528014784
758,2.536754121
759,2.544234908
760,2.55
761,2.553689538
762,2.555332799
763,2.55505634
764,2.552986723
765,2.549250505
766,2.543974247
767,2.537284508
768,2.529307848
769,2.520170825
770,2.51
771,2.498902656
772,2.486908973
773,2.474029859
774,2.460276217
775,2.445658953
776,2.430188973
777,2.413877183
778,2.396734487
779,2.378771791
780,2.36
781,2.340459839
782,2.320311308
783,2.299744226
784,2.278948411
785,2.258113682
786,2.237429859
787,2.217086761
788,2.197274205
789,2.178182012
790,2.16
791,2.142917988
792,2.127125795
793,2.112813239
794,2.100170141
795,2.089386318
796,2.080651589
797,2.074155774
798,2.070088692
799,2.068640161
800,2.07
801,2.070557995
802,2.069894102
803,2.06871591
804,2.067731011
805,2.067646993
806,2.069171446
807,2.073011961
808,2.079876128
809,2.090471536
810,2.105505775
811,2.125686436
812,2.151721108
813,2.182903305
814,2.214431842
815,2.246036023
816,2.278246568
817,2.313020456
818,2.352560682
819,2.399218666
820,2.455549329
821,2.524082648
822,2.602942485
823,2.686303707
824,2.767520199
825,2.840277944
826,2.90372668
827,2.959147507
828,3.008034041
829,3.052047718
830,3.092982485
831,3.132801328
832,3.173749245
833,3.218209283
834,3.268685525
835,3.327838012
836,3.39843515
837,3.479433413
838,3.564309018
839,3.645575361
840,3.715412114
841,3.772166375
842,3.820938436
843,3.867455482
844,3.917712716
845,3.977983064
846,4.054024299
847,4.142627978
848,4.234704371
849,4.320348884
850,4.390314311
851,4.445122523
852,4.490101996
853,4.530896234
854,4.573351204
855,4.623497547
856,4.68605929
857,4.757539975
858,4.831398828
859,4.900738249
860,4.959904381
861,5.009436004
862,5.051564612
863,5.088629775
864,5.123048615
865,5.157296611
866,5.193475349
867,5.232022359
868,5.272957106
869,5.316301588
870,5.362080317
871,5.410320299
872,5.46085045
873,5.512687213
874,5.564612973
875,5.615372469
876,5.663819997
877,5.709368033
878,5.751567389
879,5.789965983
880,5.824501304
881,5.856683968
882,5.888445858
883,5.921748984
884,5.958587081
885,6.000993801
886,6.050332195
887,6.104065847
888,6.158256438
889,6.208852965
890,6.252369817
891,6.290208316
892,6.326038724
893,6.363608443
894,6.406730333
895,6.459303865
896,6.524947936
897,6.601241603
898,6.680876725
899,6.756126875
900,6.819290045
901,6.869711728
902,6.914064396
903,6.959505275
904,7.013338962
905,7.083065864
906,7.176486822
907,7.300204376
908,7.458520484
909,7.656124767
910,7.898541546
911,8.187398105
912,8.509570871
913,8.846999087
914,9.178706677
915,9.485722425
916,9.774847922
917,10.06375068
918,10.37228116
919,10.72264574
920,11.14002267
921,11.6522377
922,12.2695387
923,12.98579281
924,13.79252836
925,14.67817646
926,15.62515265
927,16.60695914
928,17.58961352
929,18.53167679
930,19.39699578
931,20.19641013
932,20.95848956
933,21.71764384
934,22.51375494
935,23.39246617
936,24.40296127
937,25.55045687
938,26.79864216
939,28.10224342
940,29.40682292
941,30.66640337
942,31.86068613
943,32.97144835
944,33.98014195
945,34.87295471
946,35.66266772
947,36.37381717
948,37.0339454
949,37.67304989
950,38.32326521
951,39.01807188
952,39.7641466
953,40.53024052
954,41.28024287
955,41.9756254
956,42.58348931
957,43.10099336
958,43.5337748
959,43.88831115
960,44.17189218
961,44.39414914
962,44.56653196
963,44.70083961
964,44.80906492
965,44.90330659
966,44.99571425
967,45.09507593
968,45.19185162
969,45.27030297
970,45.3146905
971,45.30987507
972,45.25255357
973,45.15119577
974,45.0147934
975,44.85227665
976,44.67073386
977,44.47028622
978,44.24938135
979,44.00654086
980,43.74070338
981,43.45854177
982,43.17414723
983,42.90149891
984,42.65414416
985,42.44059696
986,42.25065969
987,42.06981156
988,41.88387881
989,41.67902528
990,41.44178959
991,41.15920375
992,40.82679395
993,40.45794238
994,40.06797848
995,39.67164332
996,39.28219093
997,38.89966118
998,38.51448224
999,38.11727271
1000,37.69911184
1001,37.25423483
1002,36.78776298
1003,36.30721309
1004,35.81973621
1005,35.33210025
1006,34.85068603
1007,34.38149534
1008,33.93016972
1009,33.50201878
1010,33.10017047
1011,32.72014815
1012,32.35587509
1013,32.00157893
1014,31.65176761
1015,31.30121527
1016,30.94495715
1017,30.57829276
1018,30.19679641
1019,29.79633419
1020,29.3730866
1021,28.92357585
1022,28.44646306
1023,27.94760959
1024,27.43429954
1025,26.91336955
1026,26.39118564
1027,25.87363581
1028,25.36613656
1029,24.87365142
1030,24.40071964
1031,23.95020404
1032,23.51966516
1033,23.10559076
1034,22.70471379
1035,22.3139924
1036,21.93059421
1037,21.55188461
1038,21.17541834
1039,20.79893419
1040,20.42035225
1041,20.03875225
1042,19.65715005
1043,19.27928037
1044,18.90858313
1045,18.54821514
1046,18.20106736
1047,17.86978676
1048,17.55680206
1049,17.26435265
1050,16.99452026
1051,16.74856497
1052,16.52494938
1053,16.32158468
1054,16.1365302
1055,15.96797428
1056,15.81421754
1057,15.67365831
1058,15.5447799
1059,15.42613956
1060,15.31666421
1061,15.21653826
1062,15.12625149
1063,15.04629226
1064,14.97715149
1065,14.9193268
1066,14.87332684
1067,14.83967588
1068,14.81891853
1069,14.81162486
1070,14.81825573
1071,14.83874862
1072,14.87293987
1073,14.92070331
1074,14.98194867
1075,15.05662017
1076,15.14469531
1077,15.24618377
1078,15.3611265
1079,15.48959492
1080,15.63146724
1081,15.78574366
1082,15.95118366
1083,16.12651563
1084,16.31042767
1085,16.50155966
1086,16.69849644
1087,16.89976223
1088,17.10381638
1089,17.30905043
1090,17.51427081
1091,17.72019079
1092,17.92804875
1093,18.13913475
1094,18.35479197
1095,18.57641917
1096,18.80547407
1097,19.04347789
1098,19.29202094
1099,19.55276956
1100,19.82733761
1101,20.11687163
1102,20.42244369
1103,20.74519032
1104,21.08631859
1105,21.44711289
1106,21.82894225
1107,22.23326845
1108,22.6616549
1109,23.11577642
1110,23.59742119
1111,24.10847489
1112,24.65095725
1113,25.22704405
1114,25.83908215
1115,26.48960612
1116,27.18135652
1117,27.91730007
1118,28.70065215
1119,29.53490144
1120,30.42362027
1121,31.36979151
1122,32.37639239
1123,33.44661063
1124,34.58385587
1125,35.79177183
1126,37.07424933
1127,38.43544014
1128,39.87977163
1129,41.41196249
1130,43.03703918
1131,44.7602342
1132,46.58660894
1133,48.52135791
1134,50.56992245
1135,52.73799306
1136,55.03151088
1137,57.45666806
1138,60.01990698
1139,62.72791806
1140,65.5876361
1141,68.60246286
1142,71.75959058
1143,75.03873305
1144,78.41514206
1145,81.85923831
1146,85.33634362
1147,88.80654643
1148,92.22473402
1149,95.54082473
1150,98.70023103
1151,101.644579
1152,104.3232117
1153,106.7277883
1154,108.8645173
1155,110.7437802
1156,112.3796782
1157,113.7895546
1158,114.9935128
1159,116.0139479
1160,116.8735817
1161,117.5904282
1162,118.1819586
1163,118.6663902
1164,119.0624959
1165,119.389443
1166,119.6666623
1167,119.9137494
1168,120.1503979
1169,120.3963652
1170,120.6670751
1171,120.9604152
1172,121.2698694
1173,121.588896
1174,121.9109213
1175,122.2293359
1176,122.5374959
1177,122.8287263
1178,123.096329
1179,123.3335937
1180,123.5338128
1181,123.6926389
1182,123.8151182
1183,123.9086641
1184,123.9806989
1185,124.0386388
1186,124.0898834
1187,124.1418093
1188,124.2017685
1189,124.2770912
1190,124.3750925
1191,124.5030842
1192,124.6650327
1193,124.8515002
1194,125.0496999
1195,125.2468349
1196,125.4300932
1197,125.5866553
1198,125.703715
1199,125.7685132
1200,125.7716223
1201,125.7166736
1202,125.6105839
1203,125.4602816
1204,125.2726808
1205,125.0546593
1206,124.8130408
1207,124.5545808
1208,124.2859562
1209,124.0137583
1210,123.7444902
1211,123.4845667
1212,123.2386378
1213,123.0045958
1214,122.7786925
1215,122.5572268
1216,122.3365431
1217,122.11303
1218,121.8831203
1219,121.6432922
1220,121.3909423
1221,121.1269761
1222,120.8531562
1223,120.5712245
1224,120.2829008
1225,119.9898823
1226,119.6938427
1227,119.3964321
1228,119.0992762
1229,118.8039771
1230,118.5121131
1231,118.2242978
1232,117.9373825
1233,117.6473293
1234,117.3501599
1235,117.041957
1236,116.7188667
1237,116.3771029
1238,116.0129523
1239,115.6227805
1240,115.2045611
1241,114.7623865
1242,114.3017951
1243,113.8282264
1244,113.3470142
1245,112.8633824
1246,112.3824435
1247,111.9091989
1248,111.4485423
1249,111.0052648
1250,110.5840614
1251,110.1885089
1252,109.8180174
1253,109.4709974
1254,109.1458981
1255,108.8412051
1256,108.5554364
1257,108.2871409
1258,108.0348951
1259,107.7973015
1260,107.5742632
1261,107.3707815
1262,107.1930733
1263,107.0472995
1264,106.9395818
1265,106.8760236
1266,106.8627335
1267,106.9058533
1268,107.0115885
1269,107.1862425
1270,107.4362553
1271,107.7682452
1272,108.1847939
1273,108.6715944
1274,109.2100052
1275,109.7811858
1276,110.3660252
1277,110.9451025
1278,111.4986821
1279,112.0067436
1280,112.4556483
1281,112.8581618
1282,113.233881
1283,113.6026076
1284,113.9843171
1285,114.3991633
1286,114.8675172
1287,115.4100429
1288,116.0478083
1289,116.8024345
1290,117.6962837
1291,118.752689
1292,119.9901668
1293,121.4040303
1294,122.9837716
1295,124.7188353
1296,126.5984434
1297,128.6114319
1298,130.7460994
1299,132.990066
1300,135.3301451
1301,137.7515258
1302,140.235471
1303,142.7611672
1304,145.3063307
1305,147.8471683
1306,150.3583754
1307,152.8131747
1308,155.1834006
1309,157.4396318
1310,159.5607143
1311,161.5628519
1312,163.4730996
1313,165.3200607
1314,167.1337373
1315,168.945432
1316,170.7877077
1317,172.6944084
1318,174.7007443
1319,176.8434465
1320,179.1609955
1321,181.6939279
1322,184.4734974
1323,187.4855165
1324,190.7031578
1325,194.0980119
1326,197.6397655
1327,201.2959263
1328,205.0316
1329,208.8093255
1330,212.5889766
1331,216.3512744
1332,220.1714956
1333,224.1543369
1334,228.4116294
1335,233.0633485
1336,238.2392148
1337,244.0809652
1338,250.7454024
1339,258.4083664
1340,267.2698228
1341,277.4855932
1342,288.9267977
1343,301.3608447
1344,314.5099849
1345,328.0423409
1346,341.5660425
1347,354.6275616
1348,366.7154439
1349,377.2705781
1350,385.8314828
1351,392.4577451
1352,397.3841415
1353,400.885891
1354,403.2665673
1355,404.8478522
1356,405.9616266
1357,406.9446916
1358,408.1362613
1359,409.8782742
1360,412.5185474
1361,416.4168367
1362,421.8719814
1363,428.8778835
1364,437.3571476
1365,447.2374021
1366,458.4475643
1367,470.9143209
1368,484.5587704
1369,499.2932063
1370,515.0180396
1371,531.6188881
1372,548.9842819
1373,567.0696295
1374,585.8435443
1375,605.2679968
1376,625.2976653
1377,645.8793113
1378,666.9511964
1379,688.442552
1380,710.2731217
1381,732.3809898
1382,754.8135429
1383,777.6545174
1384,800.9978211
1385,824.9480222
1386,849.620961
1387,875.1445067
1388,901.6594831
1389,929.3207926
1390,958.2987663
1391,988.7807769
1392,1020.973154
1393,1055.10345
1394,1091.423105
1395,1130.210587
1396,1171.775071
1397,1216.460753
1398,1264.651912
1399,1316.778837
1400,1373.324789
1401,0.13733
1402,0.145717978
1403,0.155017023
1404,0.16499987
1405,0.175439255
1406,0.186107914
1407,0.196778582
1408,0.207223995
1409,0.217216889
1410,0.22653
1411,0.234986908
1412,0.242614574
1413,0.249490806
1414,0.25569341
1415,0.261300191
1416,0.266388958
1417,0.271037515
1418,0.27532367
1419,0.27932523
1420,0.28312
1421,0.286770106
1422,0.290274945
1423,0.293618233
1424,0.296783688
1425,0.299755024
1426,0.302515959
1427,0.305050207
1428,0.307341486
1429,0.309373512
1430,0.31113
1431,0.312601619
1432,0.313806846
1433,0.31477111
1434,0.315519839
1435,0.316078462
1436,0.316472408
1437,0.316727106
1438,0.316867985
1439,0.316920473
1440,0.31691
1441,0.316858477
1442,0.31677375
1443,0.316660147
1444,0.316521997
1445,0.316363628
1446,0.316189369
1447,0.316003548
1448,0.315810494
1449,0.315614535
1450,0.31542
1451,0.315227122
1452,0.315019754
1453,0.314777652
1454,0.314480574
1455,0.314108277
1456,0.313640517
1457,0.313057053
1458,0.31233764
1459,0.311462037
1460,0.31041
1461,0.309165294
1462,0.307727714
1463,0.306101064
1464,0.304289146
1465,0.302295765
1466,0.300124722
1467,0.297779821
1468,0.295264865
1469,0.292583657
1470,0.28974
1471,0.286740922
1472,0.283606349
1473,0.280359432
1474,0.27702332
1475,0.273621165
1476,0.270176116
1477,0.266711325
1478,0.263249941
1479,0.259815116
1480,0.25643
1481,0.253111747
1482,0.249853529
1483,0.246642519
1484,0.243465894
1485,0.240310827
1486,0.237164494
1487,0.23401407
1488,0.23084673
1489,0.227649648
1490,0.22441
1491,0.221119493
1492,0.217787968
1493,0.214429797
1494,0.211059355
1495,0.207691014
1496,0.204339148
1497,0.201018129
1498,0.197742332
1499,0.194526129
1500,0.191383894
1501,0.18833
1502,0.185375958
1503,0.182521832
1504,0.179764824
1505,0.177102135
1506,0.174530967
1507,0.172048521
1508,0.169652
1509,0.167338605
1510,0.165105538
1511,0.16295
1512,0.160869407
1513,0.158862028
1514,0.156926347
1515,0.155060847
1516,0.153264011
1517,0.151534322
1518,0.149870263
1519,0.148270319
1520,0.146732971
1521,0.145256704
1522,0.14384
1523,0.142480218
1524,0.141170213
1525,0.139901719
1526,0.138666467
1527,0.137456188
1528,0.136262614
1529,0.135077476
1530,0.133892507
1531,0.132699438
1532,0.13149
1533,0.130257946
1534,0.129005108
1535,0.127735338
1536,0.126452491
1537,0.125160418
1538,0.123862972
1539,0.122564006
1540,0.121267373
1541,0.119976926
1542,0.118696517
1543,0.11743
1544,0.116181469
1545,0.114955987
1546,0.11375886
1547,0.112595392
1548,0.11147089
1549,0.110390657
1550,0.10936
1551,0.108382025
1552,0.107451045
1553,0.106559176
1554,0.105698533
1555,0.10486123
1556,0.104039382
1557,0.103225105
1558,0.102410513
1559,0.101587722
1560,0.100748846
1561,0.099886
1562,0.098994341
1563,0.098081192
1564,0.097156915
1565,0.096231876
1566,0.095316438
1567,0.094420965
1568,0.09355582
1569,0.092731369
1570,0.091957974
1571,0.091246
1572,0.090601825
1573,0.090015883
1574,0.089474624
1575,0.088964496
1576,0.088471949
1577,0.087983432
1578,0.087485393
1579,0.086964281
1580,0.086406546
1581,0.085798636
1582,0.085127
1583,0.084383508
1584,0.083581712
1585,0.082740584
1586,0.081879097
1587,0.081016222
1588,0.080170933
1589,0.079362202
1590,0.078609
1591,0.07792579
1592,0.07730899
1593,0.076750508
1594,0.076242251
1595,0.075776128
1596,0.075344044
1597,0.074937909
1598,0.074549629
1599,0.074171113
1600,0.073794267
1601,0.073411
1602,0.073014885
1603,0.072606158
1604,0.072186723
1605,0.07175848
1606,0.071323334
1607,0.070883185
1608,0.070439937
1609,0.069995492
1610,0.069551753
1611,0.069110621
1612,0.068674
1613,0.068243542
1614,0.067819903
1615,0.067403488
1616,0.066994705
1617,0.066593958
1618,0.066201655
1619,0.065818201
1620,0.065444002
1621,0.065079465
1622,0.064724996
1623,0.064381
1624,0.064048332
1625,0.063729636
1626,0.063428006
1627,0.063146535
1628,0.062888315
1629,0.062656439
1630,0.062454
1631,0.062282397
1632,0.062136251
1633,0.062008491
1634,0.061892043
1635,0.061779834
1636,0.061664793
1637,0.061539847
1638,0.061397923
1639,0.061231949
1640,0.061034852
1641,0.06079956
1642,0.060519
1643,0.060189568
1644,0.05982153
1645,0.059428623
1646,0.059024581
1647,0.05862314
1648,0.058238034
1649,0.057883
1650,0.0575689
1651,0.057295106
1652,0.057058118
1653,0.056854436
1654,0.056680561
1655,0.056532991
1656,0.056408228
1657,0.056302771
1658,0.056213119
1659,0.056135774
1660,0.056067234
1661,0.056004
1662,0.05594334
1663,0.055885594
1664,0.055831872
1665,0.055783282
1666,0.055740933
1667,0.055705935
1668,0.055679395
1669,0.055662422
1670,0.055656126
1671,0.055661616
1672,0.05568
1673,0.055711746
1674,0.055754756
1675,0.055806292
1676,0.055863614
1677,0.055923985
1678,0.055984666
1679,0.056042917
1680,0.056096
1681,0.0561419
1682,0.056181498
1683,0.056216398
1684,0.056248205
1685,0.056278522
1686,0.056308954
1687,0.056341107
1688,0.056376583
1689,0.056416988
1690,0.056463925
1691,0.056519
1692,0.056583539
1693,0.056657759
1694,0.0567416
1695,0.056835001
1696,0.056937902
1697,0.057050243
1698,0.057171962
1699,0.057303
1700,0.057443051
1701,0.05759083
1702,0.057744806
1703,0.05790345
1704,0.058065231
1705,0.058228619
1706,0.058392084
1707,0.058554095
1708,0.058713122
1709,0.058867636
1710,0.059016105
1711,0.059157
1712,0.059289758
1713,0.059417687
1714,0.059545062
1715,0.05967616
1716,0.059815255
1717,0.059966623
1718,0.06013454
1719,0.060323281
1720,0.060537122
1721,0.060780339
1722,0.061057206
1723,0.061372
1724,0.061726807
1725,0.062114958
1726,0.062527593
1727,0.062955855
1728,0.063390886
1729,0.063823826
1730,0.064245817
1731,0.064648
1732,0.065023773
1733,0.065375558
1734,0.065708031
1735,0.06602587
1736,0.066333751
1737,0.066636353
1738,0.066938351
1739,0.067244424
1740,0.067559248
1741,0.0678875
1742,0.068233859
1743,0.068603
1744,0.068997395
1745,0.069410691
1746,0.069834326
1747,0.070259741
1748,0.070678376
1749,0.071081671
1750,0.071461066
1751,0.071808
1752,0.072116595
1753,0.072391695
1754,0.072640824
1755,0.072871509
1756,0.073091275
1757,0.073307646
1758,0.073528147
1759,0.073760305
1760,0.074011644
1761,0.074289689
1762,0.074601966
1763,0.074956
1764,0.07535799
1765,0.075808836
1766,0.076308111
1767,0.076855389
1768,0.077450244
1769,0.078092248
1770,0.078780975
1771,0.079516
1772,0.080295222
1773,0.081109849
1774,0.081949414
1775,0.082803451
1776,0.083661495
1777,0.084513078
1778,0.085347735
1779,0.086155
1780,0.086926192
1781,0.087659774
1782,0.088355995
1783,0.089015103
1784,0.089637346
1785,0.090222974
1786,0.090772234
1787,0.091285376
1788,0.091762647
1789,0.092204296
1790,0.092610573
1791,0.092981724
1792,0.093318
1793,0.093619934
1794,0.093889206
1795,0.094127781
1796,0.094337626
1797,0.094520704
1798,0.094678982
1799,0.094814426
1800,0.094929
1801,0.09502452
1802,0.095102201
1803,0.095163107
1804,0.095208302
1805,0.095238851
1806,0.095255818
1807,0.095260267
1808,0.095253263
1809,0.095235869
1810,0.095209152
1811,0.095174174
1812,0.095132
1813,0.095084626
1814,0.095037771
1815,0.094998086
1816,0.094972222
1817,0.094966831
1818,0.094988562
1819,0.095044066
1820,0.095139996
1821,0.095283
1822,0.095476916
1823,0.095714325
1824,0.095984992
1825,0.096278682
1826,0.096585162
1827,0.096894198
1828,0.097195555
1829,0.097479
1830,0.097739333
1831,0.097991498
1832,0.098255473
1833,0.098551237
1834,0.098898767
1835,0.099318041
1836,0.099829039
1837,0.100451739
1838,0.101206118
1839,0.102112155
1840,0.103189829
1841,0.104459118
1842,0.10594
1843,0.107649872
1844,0.109595803
1845,0.111782283
1846,0.114213799
1847,0.116894841
1848,0.119829896
1849,0.123023453
1850,0.12648
1851,0.130212633
1852,0.134268878
1853,0.138704868
1854,0.143576736
1855,0.148940614
1856,0.154852637
1857,0.161368936
1858,0.168545645
1859,0.176438898
1860,0.185104827
1861,0.194599564
1862,0.204979245
1863,0.2163
1864,0.228590615
1865,0.24177048
1866,0.255731636
1867,0.270366124
1868,0.285565986
1869,0.301223264
1870,0.317229997
1871,0.333478229
1872,0.34986
1873,0.366287593
1874,0.382754254
1875,0.399273472
1876,0.415858735
1877,0.432523532
1878,0.449281349
1879,0.466145676
1880,0.48313
1881,0.50020683
1882,0.517184754
1883,0.533831381
1884,0.54991432
1885,0.56520118
1886,0.579459569
1887,0.592457096
1888,0.60396137
1889,0.61374
1890,0.62169231
1891,0.628244488
1892,0.633954437
1893,0.639380059
1894,0.645079258
1895,0.651609938
1896,0.659530001
1897,0.66939735
1898,0.681769889
1899,0.69720552
1900,0.716262147
1901,0.739497672
1902,0.76747
1903,0.800434658
1904,0.837437677
1905,0.877222713
1906,0.918533421
1907,0.960113457
1908,1.000706477
1909,1.039056137
1910,1.073906093
1911,1.104
1912,1.128414674
1913,1.147559573
1914,1.162177314
1915,1.173010513
1916,1.180801789
1917,1.186293758
1918,1.190229038
1919,1.193350247
1920,1.1964
1921,1.199976476
1922,1.20410009
1923,1.208646818
1924,1.213492635
1925,1.218513518
1926,1.223585441
1927,1.228584381
1928,1.233386312
1929,1.237867212
1930,1.241903055
1931,1.245369817
1932,1.248143473
1933,1.2501
1934,1.251150251
1935,1.251344591
1936,1.250768266
1937,1.249506519
1938,1.247644595
1939,1.245267736
1940,1.242461188
1941,1.239310195
1942,1.2359
1943,1.232292927
1944,1.228459614
1945,1.224347779
1946,1.21990514
1947,1.215079415
1948,1.20981832
1949,1.204069575
1950,1.197780895
1951,1.1909
1952,1.183385175
1953,1.17523698
1954,1.166466542
1955,1.15708499
1956,1.147103452
1957,1.136533056
1958,1.12538493
1959,1.113670202
1960,1.1014
1961,1.088613767
1962,1.07546421
1963,1.062132349
1964,1.048799206
1965,1.035645801
1966,1.022853157
1967,1.010602295
1968,0.999074235
1969,0.98845
1970,0.978857008
1971,0.97020827
1972,0.962363194
1973,0.95518119
1974,0.948521667
1975,0.942244032
1976,0.936207695
1977,0.930272064
1978,0.924296548
1979,0.918140556
1980,0.911663496
1981,0.904724778
1982,0.89718381
1983,0.8889
1984,0.879775597
1985,0.869884204
1986,0.859342266
1987,0.848266225
1988,0.836772525
1989,0.824977609
1990,0.81299792
1991,0.800949903
1992,0.78895
1993,0.777100184
1994,0.765444545
1995,0.754012701
1996,0.742834271
1997,0.731938875
1998,0.721356131
1999,0.711115658
2000,0.701247074
2001,0.69178
2002,0.682730293
2003,0.67405877
2004,0.665712487
2005,0.657638502
2006,0.649783869
2007,0.642095646
2008,0.63452089
2009,0.627006655
2010,0.6195
2011,0.611961594
2012,0.604406563
2013,0.596863647
2014,0.589361585
2015,0.581929119
2016,0.574594987
2017,0.56738793
2018,0.560336688
2019,0.55347
2020,0.54681414
2021,0.540385516
2022,0.534198069
2023,0.528265741
2024,0.522602474
2025,0.517222209
2026,0.512138887
2027,0.507366451
2028,0.502918841
2029,0.49881
2030,0.495043022
2031,0.491577613
2032,0.488362633
2033,0.485346942
2034,0.482479399
2035,0.479708863
2036,0.476984195
2037,0.474254253
2038,0.471467898
2039,0.468573988
2040,0.465521384
2041,0.462258945
2042,0.458735531
2043,0.4549
2044,0.45072204
2045,0.446254648
2046,0.441571648
2047,0.436746862
2048,0.431854116
2049,0.426967233
2050,0.422160036
2051,0.417506351
2052,0.41308
2053,0.408935637
2054,0.405051229
2055,0.401385574
2056,0.397897468
2057,0.394545708
2058,0.391289092
2059,0.388086416
2060,0.384896478
2061,0.381678073
2062,0.37839
2063,0.37500297
2064,0.371535357
2065,0.36801745
2066,0.364479537
2067,0.360951908
2068,0.357464851
2069,0.354048654
2070,0.350733608
2071,0.34755
2072,0.344518353
2073,0.341620123
2074,0.338826999
2075,0.33611067
2076,0.333442826
2077,0.330795155
2078,0.328139348
2079,0.325447094
2080,0.322690081
2081,0.31984
2082,0.316880158
2083,0.313840338
2084,0.310761943
2085,0.307686375
2086,0.304655034
2087,0.301709325
2088,0.298890648
2089,0.296240406
2090,0.2938
2091,0.291598758
2092,0.289617703
2093,0.287825787
2094,0.286191958
2095,0.284685166
2096,0.283274361
2097,0.281928492
2098,0.280616509
2099,0.279307362
2100,0.27797
2101,0.276579509
2102,0.275135522
2103,0.273643807
2104,0.272110133
2105,0.270540269
2106,0.268939983
2107,0.267315045
2108,0.265671222
2109,0.264014284
2110,0.26235
2111,0.260683832
2112,0.259020023
2113,0.257362507
2114,0.255715222
2115,0.254082102
2116,0.252467084
2117,0.250874104
2118,0.249307097
2119,0.24777
2120,0.246266278
2121,0.244797518
2122,0.243364835
2123,0.241969347
2124,0.240612169
2125,0.239294417
2126,0.238017208
2127,0.236781658
2128,0.235588883
2129,0.23444
2130,0.233335393
2131,0.232272526
2132,0.231248129
2133,0.230258936
2134,0.229301676
2135,0.228373082
2136,0.227469886
2137,0.226588819
2138,0.225726613
2139,0.22488
2140,0.224045908
2141,0.223222058
2142,0.222406367
2143,0.221596751
2144,0.220791127
2145,0.219987414
2146,0.219183527
2147,0.218377385
2148,0.217566903
2149,0.21675
2150,0.215925703
2151,0.215097481
2152,0.214269914
2153,0.213447582
2154,0.212635065
2155,0.211836943
2156,0.211057795
2157,0.210302202
2158,0.209574744
2159,0.20888
2160,0.208221031
2161,0.207594819
2162,0.206996828
2163,0.206422522
2164,0.205867363
2165,0.205326815
2166,0.204796342
2167,0.204271406
2168,0.203747471
2169,0.20322
2170,0.202685834
2171,0.202147323
2172,0.201608192
2173,0.20107217
2174,0.200542982
2175,0.200024356
2176,0.199520018
2177,0.199033694
2178,0.198569113
2179,0.19813
2180,0.197719113
2181,0.19733533
2182,0.196976562
2183,0.196640718
2184,0.196325708
2185,0.196029441
2186,0.195749827
2187,0.195484776
2188,0.195232197
2189,0.19499
2190,0.194756595
2191,0.194532396
2192,0.194318319
2193,0.194115277
2194,0.193924185
2195,0.193745959
2196,0.193581512
2197,0.193431761
2198,0.193297618
2199,0.19318
2200,0.193079467
2201,0.192995164
2202,0.192925883
2203,0.192870415
2204,0.192827551
2205,0.192796083
2206,0.192774803
2207,0.192762501
2208,0.19275797
2209,0.19276
2210,0.192767708
2211,0.192781508
2212,0.19280214
2213,0.192830345
2214,0.19286686
2215,0.192912427
2216,0.192967785
2217,0.193033674
2218,0.193110832
2219,0.1932
2220,0.193302043
2221,0.193418325
2222,0.193550336
2223,0.193699567
2224,0.193867507
2225,0.194055647
2226,0.194265476
2227,0.194498484
2228,0.194756162
2229,0.19504
2230,0.195351566
2231,0.195692745
2232,0.196065502
2233,0.1964718
2234,0.196913603
2235,0.197392874
2236,0.197911578
2237,0.198471679
2238,0.199075141
2239,0.199723926
2240,0.20042
2241,0.201163832
2242,0.201949919
2243,0.202771261
2244,0.203620862
2245,0.204491722
2246,0.205376845
2247,0.206269233
2248,0.207161886
2249,0.208047808
2250,0.20892
2251,0.209772957
2252,0.210607145
2253,0.211424523
2254,0.212227049
2255,0.213016682
2256,0.21379538
2257,0.214565103
2258,0.215327808
2259,0.216085454
2260,0.21684
2261,0.217593723
2262,0.218350177
2263,0.219113234
2264,0.219886764
2265,0.220674641
2266,0.221480736
2267,0.222308921
2268,0.223163068
2269,0.224047049
2270,0.224964735
2271,0.22592
2272,0.226914933
2273,0.2279445
2274,0.229001886
2275,0.230080275
2276,0.231172851
2277,0.232272799
2278,0.233373304
2279,0.234467549
2280,0.23554872
2281,0.23661
2282,0.237646181
2283,0.238658478
2284,0.239649713
2285,0.240622708
2286,0.241580285
2287,0.242525266
2288,0.243460473
2289,0.244388728
2290,0.245312853
2291,0.246235669
2292,0.24716
2293,0.248087469
2294,0.249014911
2295,0.249937964
2296,0.250852266
2297,0.251753454
2298,0.252637165
2299,0.253499038
2300,0.25433471
2301,0.255139818
2302,0.25591
2303,0.256645763
2304,0.257367089
2305,0.258098832
2306,0.258865842
2307,0.259692972
2308,0.260605075
2309,0.261627003
2310,0.262783607
2311,0.26409974
2312,0.265600253
2313,0.26731
2314,0.269233776
2315,0.27129615
2316,0.273401636
2317,0.275454749
2318,0.27736
2319,0.279045841
2320,0.280536471
2321,0.281880024
2322,0.283124638
2323,0.284318446
2324,0.285509586
2325,0.286746193
2326,0.288076402
2327,0.289548349
2328,0.29121017
2329,0.29311
2330,0.295279895
2331,0.297687585
2332,0.300284722
2333,0.303022957
2334,0.30585394
2335,0.308729323
2336,0.311600755
2337,0.314419888
2338,0.317138373
2339,0.31970786
2340,0.32208
2341,0.324220749
2342,0.326153279
2343,0.327915068
2344,0.329543593
2345,0.331076333
2346,0.332550763
2347,0.334004363
2348,0.335474609
2349,0.336998979
2350,0.33861495
2351,0.34036
2352,0.342263301
2353,0.344320807
2354,0.346520166
2355,0.348849025
2356,0.351295034
2357,0.353845839
2358,0.356489091
2359,0.359212436
2360,0.362003523
2361,0.36485
2362,0.367737521
2363,0.370643763
2364,0.373544409
2365,0.37641514
2366,0.37923164
2367,0.381969591
2368,0.384604676
2369,0.387112577
2370,0.389468976
2371,0.391649556
2372,0.39363
2373,0.395402992
2374,0.397029221
2375,0.398586378
2376,0.400152155
2377,0.401804243
2378,0.403620332
2379,0.405678115
2380,0.408055282
2381,0.410829525
2382,0.414078533
2383,0.41788
2384,0.422265406
2385,0.4270814
2386,0.432128418
2387,0.437206898
2388,0.44211728
2389,0.44666
2390,0.450681418
2391,0.454211574
2392,0.457326431
2393,0.460101952
2394,0.462614099
2395,0.464938833
2396,0.467152117
2397,0.469329914
2398,0.471548185
2399,0.473882893
2400,0.47641
2401,0.47918878
2402,0.482211756
2403,0.485454761
2404,0.488893631
2405,0.492504199
2406,0.4962623
2407,0.500143769
2408,0.504124438
2409,0.508180144
2410,0.51228672
2411,0.51642
2412,0.520555198
2413,0.524665039
2414,0.528721631
2415,0.532697077
2416,0.536563485
2417,0.540292957
2418,0.543857602
2419,0.547229523
2420,0.550380826
2421,0.553283616
2422,0.55591
2423,0.558258859
2424,0.560436186
2425,0.562574748
2426,0.564807315
2427,0.567266656
2428,0.570085539
2429,0.573396734
2430,0.577333008
2431,0.582027132
2432,0.587611873
2433,0.59422
2434,0.601898658
2435,0.610352492
2436,0.619200522
2437,0.62806177
2438,0.636555256
2439,0.6443
2440,0.651005613
2441,0.656744064
2442,0.661677912
2443,0.665969715
2444,0.669782031
2445,0.67327742
2446,0.67661844
2447,0.679967649
2448,0.683487607
2449,0.687340871
2450,0.69169
2451,0.696647359
2452,0.702124531
2453,0.707982906
2454,0.714083875
2455,0.720288826
2456,0.72645915
2457,0.732456237
2458,0.738141475
2459,0.743376255
2460,0.748021967
2461,0.75194
2462,0.755056238
2463,0.757554545
2464,0.759683278
2465,0.761690794
2466,0.76382545
2467,0.766335604
2468,0.769469614
2469,0.773475836
2470,0.778602628
2471,0.785098348
2472,0.793211353
2473,0.80319
2474,0.815100644
2475,0.828281626
2476,0.841889287
2477,0.855079965
2478,0.86701
2479,0.877014597
2480,0.885144432
2481,0.891629046
2482,0.896697981
2483,0.900580778
2484,0.903506978
2485,0.905706125
2486,0.907407759
2487,0.908841422
2488,0.910236655
2489,0.911823
2490,0.91383
2491,0.916431388
2492,0.919577672
2493,0.923163551
2494,0.927083725
2495,0.931232894
2496,0.935505758
2497,0.939797017
2498,0.944001371
2499,0.948013519
2500,0.951728162
2501,0.95504
2502,0.957873799
2503,0.960274595
2504,0.962317491
2505,0.964077589
2506,0.965629993
2507,0.967049805
2508,0.968412128
2509,0.969792064
2510,0.971264717
2511,0.972905188
2512,0.974788582
2513,0.97699
2514,0.979547727
2515,0.982352774
2516,0.985259332
2517,0.988121594
2518,0.990793753
2519,0.99313
2520,0.995020022
2521,0.99649548
2522,0.997623532
2523,0.998471332
2524,0.999106036
2525,0.999594802
2526,1.000004784
2527,1.000403139
2528,1.000857022
2529,1.001433591
2530,1.0022
2531,1.003207521
2532,1.004443885
2533,1.005880937
2534,1.007490524
2535,1.009244493
2536,1.011114688
2537,1.013072956
2538,1.015091143
2539,1.017141094
2540,1.019194657
2541,1.021223677
2542,1.0232
2543,1.025108054
2544,1.026982599
2545,1.028870974
2546,1.030820522
2547,1.032878582
2548,1.035092495
2549,1.037509604
2550,1.040177248
2551,1.043142769
2552,1.046453507
2553,1.050156804
2554,1.0543
2555,1.058907636
2556,1.063913047
2557,1.069226769
2558,1.074759338
2559,1.080421289
2560,1.086123158
2561,1.091775479
2562,1.097288788
2563,1.102573621
2564,1.107540513
2565,1.1121
2566,1.116181638
2567,1.119791069
2568,1.122952957
2569,1.125691966
2570,1.128032759
2571,1.13
2572,1.131642241
2573,1.13310359
2574,1.134552044
2575,1.136155599
2576,1.138082252
2577,1.1405
2578,1.143516528
2579,1.146998275
2580,1.150751368
2581,1.154581935
2582,1.158296103
2583,1.1617
2584,1.164658777
2585,1.167273681
2586,1.169704984
2587,1.172112957
2588,1.174657872
2589,1.1775
2590,1.180752069
2591,1.184336632
2592,1.188128698
2593,1.192003275
2594,1.195835373
2595,1.1995
2596,1.202905027
2597,1.206089768
2598,1.209126398
2599,1.212087092
2600,1.215044026
2601,1.218069375
2602,1.221235314
2603,1.224614019
2604,1.228277665
2605,1.232298427
2606,1.23674848
2607,1.2417
2608,1.247291913
2609,1.253930151
2610,1.262087396
2611,1.272236331
2612,1.284849638
2613,1.3004
2614,1.319115421
2615,1.340245191
2616,1.362793923
2617,1.385766227
2618,1.408166715
2619,1.429
2620,1.447807514
2621,1.466277973
2622,1.486636914
2623,1.511109874
2624,1.54192239
2625,1.5813
2626,1.630527672
2627,1.687128103
2628,1.747683422
2629,1.808775759
2630,1.866987242
2631,1.9189
2632,1.961898003
2633,1.996572578
2634,2.024316897
2635,2.046524127
2636,2.064587439
2637,2.0799
2638,2.093685551
2639,2.106490112
2640,2.118690274
2641,2.130662629
2642,2.142783767
2643,2.15543028
2644,2.168978758
2645,2.183805793
2646,2.200287975
2647,2.218801896
2648,2.239724146
2649,2.263431317
2650,2.2903
2651,2.320714689
2652,2.355091489
2653,2.393854412
2654,2.437427465
2655,2.486234658
2656,2.5407
2657,2.601037512
2658,2.666621255
2659,2.736615303
2660,2.810183727
2661,2.886490602
2662,2.9647
2663,3.044088505
2664,3.12438275
2665,3.205421878
2666,3.287045033
2667,3.369091359
2668,3.4514
2669,3.53416356
2670,3.618988485
2671,3.707834685
2672,3.802662065
2673,3.905430534
2674,4.0181
2675,4.142207719
2676,4.277600345
2677,4.423701883
2678,4.579936336
2679,4.745727707
2680,4.9205
2681,5.102836583
2682,5.287958281
2683,5.470245283
2684,5.644077778
2685,5.803835954
2686,5.9439
2687,6.060171611
2688,6.154638503
2689,6.230809896
2690,6.292195011
2691,6.342303069
2692,6.384643291
2693,6.422724898
2694,6.460057112
2695,6.500149152
2696,6.54651024
2697,6.602649596
2698,6.672076443
2699,6.7583
2700,6.863888338
2701,6.987644921
2702,7.127432065
2703,7.281112083
2704,7.44654729
2705,7.6216
2706,7.803555336
2707,7.987389653
2708,8.167502114
2709,8.338291883
2710,8.494158124
2711,8.6295
2712,8.742364856
2713,8.845392765
2714,8.95487198
2715,9.087090755
2716,9.258337343
2717,9.4849
2718,9.780186798
2719,10.14608509
2720,10.58160205
2721,11.08574485
2722,11.65752066
2723,12.29593665
2724,13
2725,13.76385966
2726,14.56223167
2727,15.36497389
2728,16.14194412
2729,16.86300022
2730,17.498
2731,18.02452766
2732,18.45107284
2733,18.79385153
2734,19.06907972
2735,19.29297341
2736,19.48174858
2737,19.65162124
2738,19.81880738
2739,19.99952299
2740,20.20998406
2741,20.46640659
2742,20.78500657
2743,21.182
2744,21.66870324
2745,22.23683418
2746,22.87321107
2747,23.56465217
2748,24.29797573
2749,25.06
2750,25.83793823
2751,26.62058361
2752,27.3971243
2753,28.15674848
2754,28.88864433
2755,29.582
2756,30.23017811
2757,30.84323895
2758,31.43541727
2759,32.0209478
2760,32.61406528
2761,33.22900443
2762,33.88
2763,34.57476217
2764,35.29490291
2765,36.01550964
2766,36.71166978
2767,37.35847076
2768,37.931
2769,38.41103179
2770,38.80708795
2771,39.13437717
2772,39.40810815
2773,39.64348957
2774,39.85573013
2775,40.06003851
2776,40.27162342
2777,40.50569354
2778,40.77745757
2779,41.10212419
2780,41.49490211
2781,41.971
2782,42.53904326
2783,43.18132407
2784,43.87355128
2785,44.59143376
2786,45.31068038
2787,46.007
2788,46.66236148
2789,47.28377358
2790,47.88450506
2791,48.47782469
2792,49.07700122
2793,49.6953034
2794,50.346
2795,51.03611202
2796,51.74766951
2797,52.45645476
2798,53.13825006
2799,53.76883771
2800,54.324
2801,54.78633427
2802,55.16569805
2803,55.47876389
2804,55.74220436
2805,55.97269202
2806,56.18689945
2807,56.40149919
2808,56.63316382
2809,56.8985659
2810,57.21437799
2811,57.59727266
2812,58.06392248
2813,58.631
2814,59.30747358
2815,60.07149469
2816,60.89351063
2817,61.74396864
2818,62.59331601
2819,63.412
2820,64.17847435
2821,64.90321862
2822,65.60471886
2823,66.30146108
2824,67.01193132
2825,67.75461562
2826,68.548
2827,69.40464815
2828,70.3134344
2829,71.25731073
2830,72.21922912
2831,73.18214155
2832,74.129
2833,75.04490963
2834,75.92358823
2835,76.76090679
2836,77.55273627
2837,78.29494765
2838,78.9834119
2839,79.614
2840,80.18478719
2841,80.70266582
2842,81.17673251
2843,81.61608389
2844,82.02981658
2845,82.4270272
2846,82.81681237
2847,83.20826873
2848,83.61049289
2849,84.03258147
2850,84.4836311
2851,84.9727384
2852,85.509
2853,86.09926392
2854,86.74138382
2855,87.43096475
2856,88.16361177
2857,88.93492995
2858,89.74052434
2859,90.576
2860,91.43589604
2861,92.31048781
2862,93.1889847
2863,94.06059609
2864,94.9145314
2865,95.74
2866,96.52742179
2867,97.27205861
2868,97.9703828
2869,98.61886669
2870,99.21398263
2871,99.75220296
2872,100.23
2873,100.6460729
2874,101.0080279
2875,101.325698
2876,101.6089163
2877,101.8675158
2878,102.1113295
2879,102.3501906
2880,102.5939319
2881,102.8523867
2882,103.1353878
2883,103.4527684
2884,103.8143614
2885,104.23
2886,104.7062556
2887,105.2366533
2888,105.8114567
2889,106.4209295
2890,107.0553353
2891,107.7049376
2892,108.36
2893,109.0112501
2894,109.6512708
2895,110.2731092
2896,110.8698122
2897,111.4344268
2898,111.96
2899,112.4412644
2900,112.8796956
2901,113.278455
2902,113.6407038
2903,113.9696033
2904,114.268315
2905,114.54
2906,114.7877784
2907,115.0146045
2908,115.2233916
2909,115.4170528
2910,115.5985011
2911,115.7706497
2912,115.9364117
2913,116.0987003
2914,116.2604285
2915,116.4245094
2916,116.5938562
2917,116.7713821
2918,116.96
2919,117.1618488
2920,117.3759698
2921,117.6006299
2922,117.834096
2923,118.0746351
2924,118.3205141
2925,118.57
2926,118.8204506
2927,119.0655873
2928,119.2982228
2929,119.5111693
2930,119.6972394
2931,119.8492455
2932,119.96
2933,120.0250953
2934,120.0512436
2935,120.0479368
2936,120.024667
2937,119.9909262
2938,119.9562066
2939,119.93
2940,119.9197855
2941,119.9249892
2942,119.9430245
2943,119.9713043
2944,120.0072419
2945,120.0482504
2946,120.091743
2947,120.1351327
2948,120.1758329
2949,120.2112565
2950,120.2388168
2951,120.2559269
2952,120.26
2953,120.2483437
2954,120.2178438
2955,120.1652806
2956,120.0874343
2957,119.9810852
2958,119.8430137
2959,119.67
2960,119.4612148
2961,119.2253909
2962,118.9736514
2963,118.7171194
2964,118.466918
2965,118.2341705
2966,118.03
2967,117.8626064
2968,117.7284971
2969,117.6212563
2970,117.5344682
2971,117.4617168
2972,117.3965865
2973,117.3326613
2974,117.2635254
2975,117.182763
2976,117.0839584
2977,116.9606956
2978,116.8065588
2979,116.6151322
2980,116.38
2981,116.0987181
2982,115.7847294
2983,115.4554486
2984,115.1282903
2985,114.8206692
2986,114.55
2987,114.3299135
2988,114.1589053
2989,114.0316871
2990,113.9429708
2991,113.8874682
2992,113.8598909
2993,113.8549508
2994,113.8673596
2995,113.8918292
2996,113.9230713
2997,113.9557976
2998,113.98472
2999,114.0045502
3000,114.01
3001,113.996736
3002,113.9642439
3003,113.9129643
3004,113.8433378
3005,113.755805
3006,113.6508064
3007,113.5287827
3008,113.3901743
3009,113.2354219
3010,113.064966
3011,112.8792472
3012,112.6787061
3013,112.4637833
3014,112.2349193
3015,111.9925547
3016,111.7371301
3017,111.469086
3018,111.1888631
3019,110.8969018
3020,110.5936428
3021,110.2795267
3022,109.954994
3023,109.6204853
3024,109.2764411
3025,108.9233021
3026,108.5615088
3027,108.1915018
3028,107.8137216
3029,107.4286089
3030,107.0366042
3031,106.6381481
3032,106.2336812
3033,105.8236439
3034,105.408477
3035,104.988621
3036,104.5645164
3037,104.1366038
3038,103.7053239
3039,103.2711171
3040,102.834424
3041,102.3956853
3042,101.9553415
3043,101.5138331
3044,101.0716008
3045,100.6290851
3046,100.1867266
3047,99.74496589
3048,99.30424349
3049,98.865
3050,98.42758672
3051,97.99199782
3052,97.55813819
3053,97.12591273
3054,96.69522634
3055,96.26598391
3056,95.83809033
3057,95.4114505
3058,94.98596931
3059,94.56155167
3060,94.13810245
3061,93.71552656
3062,93.29372889
3063,92.87261434
3064,92.4520878
3065,92.03205417
3066,91.61241833
3067,91.19308519
3068,90.77395965
3069,90.35494658
3070,89.9359509
3071,89.51687749
3072,89.09763124
3073,88.67811706
3074,88.25823984
3075,87.83790447
3076,87.41701585
3077,86.99547887
3078,86.57319843
3079,86.15007942
3080,85.72602673
3081,85.30094526
3082,84.87473991
3083,84.44731557
3084,84.01857713
3085,83.5884295
3086,83.15677755
3087,82.7235262
3088,82.28858032
3089,81.85184483
3090,81.41322461
3091,80.97262455
3092,80.52994956
3093,80.08510452
3094,79.63799434
3095,79.1885239
3096,78.7365981
3097,78.28212183
3098,77.825
3099,77.36517544
3100,76.9027428
3101,76.43783469
3102,75.97058369
3103,75.50112241
3104,75.02958344
3105,74.55609938
3106,74.08080283
3107,73.60382639
3108,73.12530266
3109,72.64536423
3110,72.1641437
3111,71.68177367
3112,71.19838674
3113,70.7141155
3114,70.22909256
3115,69.74345051
3116,69.25732195
3117,68.77083947
3118,68.28413568
3119,67.79734317
3120,67.31059454
3121,66.82402239
3122,66.33775932
3123,65.85193792
3124,65.36669079
3125,64.88215053
3126,64.39844975
3127,63.91572102
3128,63.43409696
3129,62.95371017
3130,62.47469323
3131,61.99717875
3132,61.52129933
3133,61.04718756
3134,60.57497604
3135,60.10479737
3136,59.63678415
3137,59.17106897
3138,58.70778443
3139,58.24706314
3140,57.78903769
3141,57.33384067
3142,56.88160468
3143,56.43246233
3144,55.98654621
3145,55.54398892
3146,55.10492306
3147,54.66948122
3148,54.237796
3149,53.81
3150,53.38619606
3151,52.96636797
3152,52.55046977
3153,52.1384555
3154,51.73027918
3155,51.32589486
3156,50.92525658
3157,50.52831835
3158,50.13503423
3159,49.74535825
3160,49.35924443
3161,48.97664683
3162,48.59751947
3163,48.22181639
3164,47.84949162
3165,47.4804992
3166,47.11479316
3167,46.75232755
3168,46.39305639
3169,46.03693372
3170,45.68391358
3171,45.33395001
3172,44.98699703
3173,44.64300868
3174,44.301939
3175,43.96374202
3176,43.62837179
3177,43.29578232
3178,42.96592767
3179,42.63876187
3180,42.31423894
3181,41.99231293
3182,41.67293788
3183,41.35606781
3184,41.04165676
3185,40.72965877
3186,40.42002787
3187,40.11271811
3188,39.80768351
3189,39.5048781
3190,39.20425594
3191,38.90577104
3192,38.60937745
3193,38.3150292
3194,38.02268033
3195,37.73228487
3196,37.44379686
3197,37.15717033
3198,36.87235932
3199,36.58931787
3200,36.308
3201,36.02836465
3202,35.7503903
3203,35.47406032
3204,35.19935808
3205,34.92626697
3206,34.65477034
3207,34.38485158
3208,34.11649407
3209,33.84968116
3210,33.58439624
3211,33.32062268
3212,33.05834386
3213,32.79754314
3214,32.5382039
3215,32.28030952
3216,32.02384336
3217,31.76878881
3218,31.51512923
3219,31.26284799
3220,31.01192848
3221,30.76235406
3222,30.51410812
3223,30.26717401
3224,30.02153512
3225,29.77717482
3226,29.53407648
3227,29.29222347
3228,29.05159918
3229,28.81218697
3230,28.57397021
3231,28.33693228
3232,28.10105656
3233,27.86632642
3234,27.63272522
3235,27.40023635
3236,27.16884318
3237,26.93852907
3238,26.70927741
3239,26.48107157
3240,26.25389492
3241,26.02773084
3242,25.80256269
3243,25.57837386
3244,25.35514771
3245,25.13286762
3246,24.91151696
3247,24.69107911
3248,24.47153743
3249,24.25287531
3250,24.03507612
3251,23.81812322
3252,23.602
3253,23.38669741
3254,23.17223671
3255,22.95864677
3256,22.74595643
3257,22.53419454
3258,22.32338997
3259,22.11357156
3260,21.90476816
3261,21.69700864
3262,21.49032183
3263,21.28473659
3264,21.08028178
3265,20.87698625
3266,20.67487884
3267,20.47398842
3268,20.27434384
3269,20.07597394
3270,19.87890758
3271,19.68317362
3272,19.4888009
3273,19.29581828
3274,19.10425461
3275,18.91413874
3276,18.72549953
3277,18.53836583
3278,18.35276648
3279,18.16873036
3280,17.98628629
3281,17.80546315
3282,17.62628978
3283,17.44879503
3284,17.27300776
3285,17.09895682
3286,16.92667106
3287,16.75617933
3288,16.58751049
3289,16.42069339
3290,16.25575688
3291,16.09272981
3292,15.93164104
3293,15.77251943
3294,15.61539381
3295,15.46029305
3296,15.30724599
3297,15.1562815
3298,15.00742842
3299,14.8607156
3300,14.7161719
3301,14.57382617
3302,14.43370726
3303,14.29584403
3304,14.16026532
3305,14.027
3306,13.89606558
3307,13.76743431
3308,13.64106707
3309,13.51692478
3310,13.39496835
3311,13.27515867
3312,13.15745665
3313,13.0418232
3314,12.92821923
3315,12.81660562
3316,12.7069433
3317,12.59919317
3318,12.49331613
3319,12.38927308
3320,12.28702493
3321,12.18653259
3322,12.08775696
3323,11.99065895
3324,11.89519945
3325,11.80133938
3326,11.70903964
3327,11.61826114
3328,11.52896477
3329,11.44111145
3330,11.35466208
3331,11.26957756
3332,11.1858188
3333,11.10334671
3334,11.02212218
3335,10.94210613
3336,10.86325945
3337,10.78554306
3338,10.70891785
3339,10.63334474
3340,10.55878463
3341,10.48519842
3342,10.41254701
3343,10.34079132
3344,10.26989224
3345,10.19981069
3346,10.13050756
3347,10.06194377
3348,9.99408021
3349,9.926877792
3350,9.860297421
3351,9.7943
3352,9.728851568
3353,9.663938693
3354,9.599553076
3355,9.53568642
3356,9.472330424
3357,9.409476791
3358,9.347117221
3359,9.285243417
3360,9.223847079
3361,9.162919908
3362,9.102453607
3363,9.042439877
3364,8.982870418
3365,8.923736932
3366,8.865031121
3367,8.806744686
3368,8.748869327
3369,8.691396748
3370,8.634318647
3371,8.577626729
3372,8.521312692
3373,8.46536824
3374,8.409785072
3375,8.354554891
3376,8.299669398
3377,8.245120294
3378,8.190899281
3379,8.136998059
3380,8.083408331
3381,8.030121797
3382,7.977130159
3383,7.924425118
3384,7.871998376
3385,7.819841634
3386,7.767946592
3387,7.716304954
3388,7.664908419
3389,7.613748689
3390,7.562817466
3391,7.512106451
3392,7.461607345
3393,7.411311849
3394,7.361211666
3395,7.311298496
3396,7.26156404
3397,7.212
3398,7.162599908
3399,7.11336462
3400,7.064296821
3401,7.015399198
3402,6.966674437
3403,6.918125224
3404,6.869754246
3405,6.821564188
3406,6.773557736
3407,6.725737578
3408,6.678106398
3409,6.630666884
3410,6.583421721
3411,6.536373596
3412,6.489525195
3413,6.442879203
3414,6.396438308
3415,6.350205195
3416,6.304182551
3417,6.258373061
3418,6.212779412
3419,6.16740429
3420,6.122250382
3421,6.077320372
3422,6.032616949
3423,5.988142797
3424,5.943900603
3425,5.899893053
3426,5.856122834
3427,5.812592631
3428,5.769305131
3429,5.726263019
3430,5.683468983
3431,5.640925708
3432,5.59863588
3433,5.556602186
3434,5.514827311
3435,5.473313943
3436,5.432064767
3437,5.391082469
3438,5.350369735
3439,5.309929252
3440,5.269763707
3441,5.229875784
3442,5.19026817
3443,5.150943552
3444,5.111904615
3445,5.073154046
3446,5.034694531
3447,4.996528756
3448,4.958659408
3449,4.921089171
3450,4.883820734
3451,4.846856782
3452,4.8102
3453,4.773852251
3454,4.737812101
3455,4.702077288
3456,4.666645555
3457,4.631514641
3458,4.596682288
3459,4.562146236
3460,4.527904225
3461,4.493953996
3462,4.46029329
3463,4.426919847
3464,4.393831408
3465,4.361025713
3466,4.328500504
3467,4.29625352
3468,4.264282503
3469,4.232585193
3470,4.20115933
3471,4.170002656
3472,4.13911291
3473,4.108487834
3474,4.078125168
3475,4.048022652
3476,4.018178028
3477,3.988589035
3478,3.959253415
3479,3.930168908
3480,3.901333255
3481,3.872744196
3482,3.844399472
3483,3.816296823
3484,3.788433991
3485,3.760808715
3486,3.733418737
3487,3.706261796
3488,3.679335634
3489,3.652637991
3490,3.626166608
3491,3.599919226
3492,3.573893584
3493,3.548087424
3494,3.522498486
3495,3.497124511
3496,3.47196324
3497,3.447012412
3498,3.422269769
3499,3.397733052
3500,3.3734
3501,3.349268533
3502,3.325337283
3503,3.301605061
3504,3.278070677
3505,3.254732942
3506,3.231590667
3507,3.208642662
3508,3.185887737
3509,3.163324704
3510,3.140952372
3511,3.118769553
3512,3.096775058
3513,3.074967696
3514,3.053346278
3515,3.031909615
3516,3.010656518
3517,2.989585797
3518,2.968696263
3519,2.947986726
3520,2.927455998
3521,2.907102887
3522,2.886926206
3523,2.866924765
3524,2.847097374
3525,2.827442844
3526,2.807959986
3527,2.78864761
3528,2.769504526
3529,2.750529547
3530,2.731721481
3531,2.71307914
3532,2.694601334
3533,2.676286874
3534,2.65813457
3535,2.640143233
3536,2.622311674
3537,2.604638704
3538,2.587123132
3539,2.56976377
3540,2.552559427
3541,2.535508916
3542,2.518611045
3543,2.501864627
3544,2.485268471
3545,2.468821388
3546,2.452522189
3547,2.436369684
3548,2.420362684
3549,2.4045
3550,2.388780611
3551,2.373204177
3552,2.357770525
3553,2.342479485
3554,2.327330883
3555,2.312324549
3556,2.29746031
3557,2.282737996
3558,2.268157433
3559,2.253718451
3560,2.239420877
3561,2.22526454
3562,2.211249269
3563,2.197374891
3564,2.183641234
3565,2.170048128
3566,2.156595399
3567,2.143282877
3568,2.13011039
3569,2.117077765
3570,2.104184832
3571,2.091431418
3572,2.078817351
3573,2.066342461
3574,2.054006574
3575,2.04180952
3576,2.029751127
3577,2.017831223
3578,2.006049636
3579,1.994406194
3580,1.982900726
3581,1.971533059
3582,1.960303023
3583,1.949210446
3584,1.938255155
3585,1.927436978
3586,1.916755746
3587,1.906211284
3588,1.895803422
3589,1.885531988
3590,1.87539681
3591,1.865397717
3592,1.855534536
3593,1.845807096
3594,1.836215226
3595,1.826758753
3596,1.817437505
3597,1.808251311
3598,1.7992
3599,1.790282993
3600,1.781498085
3601,1.772842668
3602,1.764314129
3603,1.75590986
3604,1.74762725
3605,1.739463688
3606,1.731416564
3607,1.723483268
3608,1.715661189
3609,1.707947718
3610,1.700340243
3611,1.692836154
3612,1.685432842
3613,1.678127695
3614,1.670918104
3615,1.663801457
3616,1.656775146
3617,1.649836559
3618,1.642983086
3619,1.636212116
3620,1.62952104
3621,1.622907247
3622,1.616368127
3623,1.609901069
3624,1.603503463
3625,1.597172699
3626,1.590906166
3627,1.584701255
3628,1.578555354
3629,1.572465853
3630,1.566430142
3631,1.560445611
3632,1.55450965
3633,1.548619647
3634,1.542772993
3635,1.536967078
3636,1.53119929
3637,1.525467021
3638,1.519767658
3639,1.514098593
3640,1.508457214
3641,1.502840911
3642,1.497247075
3643,1.491673094
3644,1.486116359
3645,1.480574258
3646,1.475044183
3647,1.469523521
3648,1.464009664
3649,1.4585
3650,1.45299265
3651,1.447488657
3652,1.441989793
3653,1.436497833
3654,1.431014549
3655,1.425541714
3656,1.420081103
3657,1.414634487
3658,1.409203641
3659,1.403790337
3660,1.398396349
3661,1.39302345
3662,1.387673414
3663,1.382348013
3664,1.377049021
3665,1.371778211
3666,1.366537356
3667,1.36132823
3668,1.356152605
3669,1.351012256
3670,1.345908955
3671,1.340844476
3672,1.335820591
3673,1.330839074
3674,1.325901699
3675,1.321010239
3676,1.316166466
3677,1.311372154
3678,1.306629076
3679,1.301939006
3680,1.297303717
3681,1.292724982
3682,1.288204575
3683,1.283744267
3684,1.279345834
3685,1.275011048
3686,1.270741682
3687,1.266539509
3688,1.262406304
3689,1.258343838
3690,1.254353886
3691,1.25043822
3692,1.246598614
3693,1.242836841
3694,1.239154675
3695,1.235553888
3696,1.232036253
3697,1.228603545
3698,1.225257536
3699,1.222
3700,1.218832151
3701,1.215752971
3702,1.212760884
3703,1.209854312
3704,1.207031678
3705,1.204291406
3706,1.20163192
3707,1.199051642
3708,1.196548995
3709,1.194122403
3710,1.191770289
3711,1.189491076
3712,1.187283187
3713,1.185145047
3714,1.183075076
3715,1.1810717
3716,1.179133341
3717,1.177258423
3718,1.175445368
3719,1.1736926
3720,1.171998542
3721,1.170361617
3722,1.168780249
3723,1.167252861
3724,1.165777875
3725,1.164353716
3726,1.162978806
3727,1.161651569
3728,1.160370427
3729,1.159133805
3730,1.157940124
3731,1.156787809
3732,1.155675283
3733,1.154600969
3734,1.153563289
3735,1.152560668
3736,1.151591529
3737,1.150654294
3738,1.149747387
3739,1.148869231
3740,1.14801825
3741,1.147192866
3742,1.146391503
3743,1.145612583
3744,1.144854532
3745,1.14411577
3746,1.143394722
3747,1.142689811
3748,1.14199946
3749,1.141322093
3750,1.140656131
3751,1.14
3752,1.139352435
3753,1.138713427
3754,1.138083281
3755,1.137462301
3756,1.136850791
3757,1.136249056
3758,1.135657401
3759,1.135076128
3760,1.134505544
3761,1.133945951
3762,1.133397655
3763,1.13286096
3764,1.132336171
3765,1.131823591
3766,1.131323525
3767,1.130836277
3768,1.130362152
3769,1.129901454
3770,1.129454488
3771,1.129021557
3772,1.128602967
3773,1.128199021
3774,1.127810024
3775,1.127436281
3776,1.127078094
3777,1.12673577
3778,1.126409613
3779,1.126099926
3780,1.125807014
3781,1.125531182
3782,1.125272733
3783,1.125031973
3784,1.124809205
3785,1.124604734
3786,1.124418864
3787,1.1242519
3788,1.124104146
3789,1.123975906
3790,1.123867485
3791,1.123779187
3792,1.123711317
3793,1.123664178
3794,1.123638075
3795,1.123633313
3796,1.123650196
3797,1.123689028
3798,1.123750114
3799,1.123833758
3800,1.123940264
3801,1.124069937
3802,1.124223081
3803,1.1244
3804,1.124600918
3805,1.12482573
3806,1.125074254
3807,1.125346303
3808,1.125641694
3809,1.125960241
3810,1.12630176
3811,1.126666067
3812,1.127052976
3813,1.127462304
3814,1.127893865
3815,1.128347475
3816,1.128822949
3817,1.129320103
3818,1.129838752
3819,1.130378711
3820,1.130939796
3821,1.131521823
3822,1.132124605
3823,1.13274796
3824,1.133391702
3825,1.134055646
3826,1.134739608
3827,1.135443404
3828,1.136166849
3829,1.136909757
3830,1.137671946
3831,1.138453229
3832,1.139253422
3833,1.140072341
3834,1.1409098
3835,1.141765616
3836,1.142639604
3837,1.143531579
3838,1.144441357
3839,1.145368752
3840,1.14631358
3841,1.147275657
3842,1.148254798
3843,1.149250818
3844,1.150263533
3845,1.151292758
3846,1.152338309
3847,1.1534
3848,1.154477626
3849,1.155570893
3850,1.156679488
3851,1.157803095
3852,1.1589414
3853,1.160094089
3854,1.161260846
3855,1.162441358
3856,1.16363531
3857,1.164842387
3858,1.166062276
3859,1.16729466
3860,1.168539226
3861,1.169795659
3862,1.171063645
3863,1.172342869
3864,1.173633017
3865,1.174933773
3866,1.176244825
3867,1.177565856
3868,1.178896552
3869,1.1802366
3870,1.181585684
3871,1.182943489
3872,1.184309702
3873,1.185684008
3874,1.187066092
3875,1.188455639
3876,1.189852336
3877,1.191255867
3878,1.192665919
3879,1.194082176
3880,1.195504324
3881,1.196932048
3882,1.198365034
3883,1.199802968
3884,1.201245534
3885,1.202692419
3886,1.204143307
3887,1.205597885
3888,1.207055837
3889,1.20851685
3890,1.209980608
3891,1.211446797
3892,1.212915103
3893,1.214385211
3894,1.215856806
3895,1.217329574
3896,1.218803201
3897,1.220277371
3898,1.221751771
3899,1.223226085
3900,1.2247
3901,1.226173352
3902,1.227646586
3903,1.229120298
3904,1.230595085
3905,1.232071542
3906,1.233550265
3907,1.235031852
3908,1.236516897
3909,1.238005997
3910,1.239499749
3911,1.240998749
3912,1.242503592
3913,1.244014876
3914,1.245533195
3915,1.247059147
3916,1.248593327
3917,1.250136332
3918,1.251688758
3919,1.253251202
3920,1.254824258
3921,1.256408524
3922,1.258004595
3923,1.259613069
3924,1.26123454
3925,1.262869606
3926,1.264518862
3927,1.266182905
3928,1.267862331
3929,1.269557735
3930,1.271269715
3931,1.272998866
3932,1.274745785
3933,1.276511067
3934,1.27829531
3935,1.280099108
3936,1.281923059
3937,1.283767759
3938,1.285633803
3939,1.287521788
3940,1.28943231
3941,1.291365965
3942,1.29332335
3943,1.295305061
3944,1.297311693
3945,1.299343843
3946,1.301402108
3947,1.303487083
3948,1.305599364
3949,1.307739549
3950,1.309908232
3951,1.312106011
3952,1.31433348
3953,1.316591238
3954,1.318879879
3955,1.3212
3956,1.323551952
3957,1.325935104
3958,1.328348581
3959,1.330791507
3960,1.333263006
3961,1.335762203
3962,1.338288222
3963,1.340840187
3964,1.343417222
3965,1.346018452
3966,1.348643002
3967,1.351289994
3968,1.353958555
3969,1.356647807
3970,1.359356875
3971,1.362084884
3972,1.364830958
3973,1.367594221
3974,1.370373798
3975,1.373168812
3976,1.375978389
3977,1.378801651
3978,1.381637724
3979,1.384485733
3980,1.3873448
3981,1.390214051
3982,1.39309261
3983,1.3959796
3984,1.398874148
3985,1.401775376
3986,1.404682408
3987,1.407594371
3988,1.410510387
3989,1.41342958
3990,1.416351076
3991,1.419273998
3992,1.422197472
3993,1.42512062
3994,1.428042567
3995,1.430962439
3996,1.433879358
3997,1.436792449
3998,1.439700837
3999,1.442603646
4000,1.4455
4001,1.448389173
4002,1.451271034
4003,1.454145603
4004,1.4570129
4005,1.459872943
4006,1.462725751
4007,1.465571345
4008,1.468409743
4009,1.471240965
4010,1.474065029
4011,1.476881956
4012,1.479691764
4013,1.482494473
4014,1.485290101
4015,1.488078669
4016,1.490860195
4017,1.493634699
4018,1.496402199
4019,1.499162716
4020,1.501916269
4021,1.504662876
4022,1.507402557
4023,1.510135332
4024,1.512861219
4025,1.515580238
4026,1.518292408
4027,1.520997748
4028,1.523696278
4029,1.526388017
4030,1.529072984
4031,1.531751199
4032,1.53442268
4033,1.537087447
4034,1.539745519
4035,1.542396916
4036,1.545041656
4037,1.54767976
4038,1.550311246
4039,1.552936133
4040,1.555554441
4041,1.55816619
4042,1.560771397
4043,1.563370084
4044,1.565962268
4045,1.568547969
4046,1.571127207
4047,1.5737
4048,1.576266448
4049,1.578826965
4050,1.581382046
4051,1.583932186
4052,1.58647788
4053,1.589019622
4054,1.591557907
4055,1.594093229
4056,1.596626084
4057,1.599156965
4058,1.601686368
4059,1.604214787
4060,1.606742717
4061,1.609270652
4062,1.611799087
4063,1.614328517
4064,1.616859436
4065,1.61939234
4066,1.621927722
4067,1.624466077
4068,1.6270079
4069,1.629553686
4070,1.63210393
4071,1.634659125
4072,1.637219767
4073,1.63978635
4074,1.642359369
4075,1.644939318
4076,1.647526693
4077,1.650121988
4078,1.652725697
4079,1.655338315
4080,1.657960337
4081,1.660592258
4082,1.663234572
4083,1.665887773
4084,1.668552357
4085,1.671228818
4086,1.673917651
4087,1.67661935
4088,1.67933441
4089,1.682063326
4090,1.684806592
4091,1.687564703
4092,1.690338154
4093,1.693127439
4094,1.695933053
4095,1.698755491
4096,1.701595247
4097,1.704452815
4098,1.707328692
4099,1.71022337
4100,1.713137346
4101,1.716071113
4102,1.719025166
4103,1.722
4104,1.724995969
4105,1.728012866
4106,1.731050343
4107,1.734108053
4108,1.737185647
4109,1.740282779
4110,1.7433991
4111,1.746534263
4112,1.74968792
4113,1.752859723
4114,1.756049326
4115,1.75925638
4116,1.762480537
4117,1.765721451
4118,1.768978772
4119,1.772252155
4120,1.77554125
4121,1.77884571
4122,1.782165188
4123,1.785499336
4124,1.788847807
4125,1.792210252
4126,1.795586324
4127,1.798975675
4128,1.802377958
4129,1.805792825
4130,1.809219929
4131,1.812658921
4132,1.816109454
4133,1.819571181
4134,1.823043753
4135,1.826526824
4136,1.830020045
4137,1.833523068
4138,1.837035547
4139,1.840557133
4140,1.844087479
4141,1.847626237
4142,1.85117306
4143,1.854727599
4144,1.858289507
4145,1.861858437
4146,1.865434041
4147,1.869015971
4148,1.87260388
4149,1.876197419
4150,1.879796242
4151,1.8834
4152,1.887008392
4153,1.890621296
4154,1.894238639
4155,1.897860346
4156,1.901486341
4157,1.90511655
4158,1.908750898
4159,1.912389311
4160,1.916031713
4161,1.91967803
4162,1.923328187
4163,1.926982109
4164,1.930639722
4165,1.93430095
4166,1.937965719
4167,1.941633954
4168,1.94530558
4169,1.948980523
4170,1.952658708
4171,1.956340059
4172,1.960024502
4173,1.963711963
4174,1.967402366
4175,1.971095637
4176,1.974791701
4177,1.978490483
4178,1.982191909
4179,1.985895902
4180,1.98960239
4181,1.993311297
4182,1.997022548
4183,2.000736068
4184,2.004451783
4185,2.008169617
4186,2.011889497
4187,2.015611347
4188,2.019335092
4189,2.023060658
4190,2.02678797
4191,2.030516953
4192,2.034247532
4193,2.037979633
4194,2.04171318
4195,2.045448099
4196,2.049184316
4197,2.052921755
4198,2.056660341
4199,2.0604
4200,2.064140744
4201,2.067882932
4202,2.07162701
4203,2.075373424
4204,2.07912262
4205,2.082875045
4206,2.086631145
4207,2.090391364
4208,2.094156151
4209,2.09792595
4210,2.101701208
4211,2.105482371
4212,2.109269884
4213,2.113064195
4214,2.116865749
4215,2.120674992
4216,2.12449237
4217,2.128318329
4218,2.132153316
4219,2.135997777
4220,2.139852157
4221,2.143716903
4222,2.14759246
4223,2.151479275
4224,2.155377795
4225,2.159288464
4226,2.163211729
4227,2.167148036
4228,2.171097832
4229,2.175061562
4230,2.179039672
4231,2.183032609
4232,2.187040818
4233,2.191064746
4234,2.195104839
4235,2.199161543
4236,2.203235303
4237,2.207326566
4238,2.211435779
4239,2.215563386
4240,2.219709835
4241,2.223875571
4242,2.22806104
4243,2.232266689
4244,2.236492963
4245,2.240740309
4246,2.245009173
4247,2.2493
4248,2.253613035
4249,2.257947716
4250,2.262303276
4251,2.266678951
4252,2.271073977
4253,2.275487587
4254,2.279919018
4255,2.284367504
4256,2.288832281
4257,2.293312583
4258,2.297807645
4259,2.302316703
4260,2.306838992
4261,2.311373746
4262,2.315920201
4263,2.320477592
4264,2.325045154
4265,2.329622122
4266,2.334207731
4267,2.338801216
4268,2.343401812
4269,2.348008754
4270,2.352621278
4271,2.357238618
4272,2.361860009
4273,2.366484687
4274,2.371111887
4275,2.375740843
4276,2.38037079
4277,2.385000965
4278,2.389630601
4279,2.394258934
4280,2.3988852
4281,2.403508632
4282,2.408128466
4283,2.412743937
4284,2.417354281
4285,2.421958732
4286,2.426556525
4287,2.431146896
4288,2.435729079
4289,2.440302309
4290,2.444865822
4291,2.449418853
4292,2.453960637
4293,2.458490408
4294,2.463007403
4295,2.467510855
4296,2.472
4297,2.476474316
4298,2.480934255
4299,2.485380508
4300,2.489813771
4301,2.494234737
4302,2.4986441
4303,2.503042554
4304,2.507430791
4305,2.511809507
4306,2.516179395
4307,2.520541148
4308,2.52489546
4309,2.529243026
4310,2.533584538
4311,2.537920691
4312,2.542252178
4313,2.546579693
4314,2.55090393
4315,2.555225582
4316,2.559545344
4317,2.563863909
4318,2.56818197
4319,2.572500222
4320,2.576819359
4321,2.581140073
4322,2.585463059
4323,2.58978901
4324,2.594118621
4325,2.598452585
4326,2.602791596
4327,2.607136347
4328,2.611487532
4329,2.615845846
4330,2.620211981
4331,2.624586631
4332,2.628970491
4333,2.633364254
4334,2.637768614
4335,2.642184264
4336,2.646611898
4337,2.651052211
4338,2.655505895
4339,2.659973644
4340,2.664456153
4341,2.668954115
4342,2.673468224
4343,2.677999173
4344,2.682547656
4345,2.687114367
4346,2.6917
4347,2.696305125
4348,2.700929818
4349,2.705574032
4350,2.710237719
4351,2.714920833
4352,2.719623326
4353,2.72434515
4354,2.729086259
4355,2.733846604
4356,2.73862614
4357,2.743424817
4358,2.74824259
4359,2.753079411
4360,2.757935232
4361,2.762810006
4362,2.767703686
4363,2.772616224
4364,2.777547574
4365,2.782497688
4366,2.787466518
4367,2.792454017
4368,2.797460139
4369,2.802484835
4370,2.807528059
4371,2.812589763
4372,2.817669899
4373,2.822768421
4374,2.827885281
4375,2.833020432
4376,2.838173826
4377,2.843345417
4378,2.848535157
4379,2.853742998
4380,2.858968893
4381,2.864212796
4382,2.869474658
4383,2.874754432
4384,2.880052072
4385,2.885367529
4386,2.890700757
4387,2.896051708
4388,2.901420334
4389,2.906806589
4390,2.912210426
4391,2.917631796
4392,2.923070653
4393,2.928526949
4394,2.934000637
4395,2.93949167
4396,2.945
4397,2.950525387
4398,2.956066816
4399,2.96162308
4400,2.967192971
4401,2.972775282
4402,2.978368804
4403,2.983972331
4404,2.989584655
4405,2.995204568
4406,3.000830862
4407,3.006462329
4408,3.012097763
4409,3.017735956
4410,3.023375699
4411,3.029015786
4412,3.034655008
4413,3.040292159
4414,3.04592603
4415,3.051555413
4416,3.057179102
4417,3.062795888
4418,3.068404564
4419,3.074003923
4420,3.079592756
4421,3.085169856
4422,3.090734015
4423,3.096284026
4424,3.101818682
4425,3.107336774
4426,3.112837095
4427,3.118318437
4428,3.123779592
4429,3.129219354
4430,3.134636514
4431,3.140029865
4432,3.145398199
4433,3.150740309
4434,3.156054986
4435,3.161341024
4436,3.166597214
4437,3.171822349
4438,3.177015222
4439,3.182174624
4440,3.187299349
4441,3.192388188
4442,3.197439934
4443,3.202453379
4444,3.207427316
4445,3.212360537
4446,3.217251834
4447,3.2221
4448,3.226904353
4449,3.231666311
4450,3.236387822
4451,3.241070828
4452,3.245717277
4453,3.250329112
4454,3.254908279
4455,3.259456724
4456,3.263976391
4457,3.268469225
4458,3.272937172
4459,3.277382176
4460,3.281806184
4461,3.286211139
4462,3.290598988
4463,3.294971675
4464,3.299331146
4465,3.303679345
4466,3.308018218
4467,3.312349709
4468,3.316675765
4469,3.32099833
4470,3.32531935
4471,3.329640769
4472,3.333964533
4473,3.338292586
4474,3.342626874
4475,3.346969343
4476,3.351321937
4477,3.355686601
4478,3.36006528
4479,3.364459921
4480,3.368872467
4481,3.373304864
4482,3.377759058
4483,3.382236992
4484,3.386740613
4485,3.391271866
4486,3.395832695
4487,3.400425046
4488,3.405050864
4489,3.409712095
4490,3.414410683
4491,3.419148573
4492,3.42392771
4493,3.428750041
4494,3.433617509
4495,3.438532061
4496,3.44349564
4497,3.448510193
4498,3.453577665
4499,3.4587
4500,3.463878504
4501,3.46911192
4502,3.474398354
4503,3.47973591
4504,3.485122691
4505,3.490556802
4506,3.496036347
4507,3.50155943
4508,3.507124156
4509,3.512728628
4510,3.518370952
4511,3.52404923
4512,3.529761568
4513,3.53550607
4514,3.541280839
4515,3.547083981
4516,3.552913598
4517,3.558767796
4518,3.564644679
4519,3.570542351
4520,3.576458916
4521,3.582392478
4522,3.588341141
4523,3.594303011
4524,3.60027619
4525,3.606258783
4526,3.612248895
4527,3.61824463
4528,3.624244091
4529,3.630245383
4530,3.636246611
4531,3.642245878
4532,3.648241289
4533,3.654230947
4534,3.660212958
4535,3.666185425
4536,3.672146453
4537,3.678094145
4538,3.684026607
4539,3.689941941
4540,3.695838253
4541,3.701713647
4542,3.707566226
4543,3.713394096
4544,3.71919536
4545,3.724968122
4546,3.730710487
4547,3.736420559
4548,3.742096442
4549,3.74773624
4550,3.753338058
4551,3.7589
4552,3.764420651
4553,3.769900525
4554,3.775340616
4555,3.780741919
4556,3.786105427
4557,3.791432136
4558,3.79672304
4559,3.801979133
4560,3.80720141
4561,3.812390865
4562,3.817548494
4563,3.822675289
4564,3.827772247
4565,3.832840361
4566,3.837880626
4567,3.842894036
4568,3.847881586
4569,3.85284427
4570,3.857783083
4571,3.862699019
4572,3.867593073
4573,3.872466239
4574,3.877319512
4575,3.882153887
4576,3.886970357
4577,3.891769917
4578,3.896553562
4579,3.901322286
4580,3.906077083
4581,3.910818949
4582,3.915548878
4583,3.920267863
4584,3.924976901
4585,3.929676984
4586,3.934369108
4587,3.939054267
4588,3.943733456
4589,3.948407669
4590,3.9530779
4591,3.957745144
4592,3.962410396
4593,3.96707465
4594,3.971738901
4595,3.976404142
4596,3.981071369
4597,3.985741576
4598,3.990415757
4599,3.995094907
4600,3.999780021
4601,4.004472093
4602,4.009172117
4603,4.013881088
4604,4.0186
4605,4.023329159
4606,4.028066115
4607,4.032807729
4608,4.037550861
4609,4.042292372
4610,4.047029123
4611,4.051757975
4612,4.056475789
4613,4.061179425
4614,4.065865744
4615,4.070531608
4616,4.075173877
4617,4.079789412
4618,4.084375073
4619,4.088927722
4620,4.093444219
4621,4.097921426
4622,4.102356202
4623,4.106745409
4624,4.111085908
4625,4.11537456
4626,4.119608224
4627,4.123783763
4628,4.127898037
4629,4.131947907
4630,4.135930233
4631,4.139841877
4632,4.143679699
4633,4.147440561
4634,4.151121322
4635,4.154718844
4636,4.158229988
4637,4.161651614
4638,4.164980584
4639,4.168213758
4640,4.171347997
4641,4.174380161
4642,4.177307112
4643,4.180125711
4644,4.182832818
4645,4.185425294
4646,4.1879
4647,4.190254679
4648,4.192490606
4649,4.194609935
4650,4.196614824
4651,4.198507429
4652,4.200289906
4653,4.201964411
4654,4.2035331
4655,4.204998129
4656,4.206361656
4657,4.207625835
4658,4.208792823
4659,4.209864777
4660,4.210843853
4661,4.211732206
4662,4.212531994
4663,4.213245371
4664,4.213874496
4665,4.214421523
4666,4.214888609
4667,4.21527791
4668,4.215591582
4669,4.215831782
4670,4.216000666
4671,4.21610039
4672,4.21613311
4673,4.216100983
4674,4.216006164
4675,4.21585081
4676,4.215637078
4677,4.215367122
4678,4.215043101
4679,4.214667169
4680,4.214241483
4681,4.213768199
4682,4.213249474
4683,4.212687463
4684,4.212084323
4685,4.211442211
4686,4.210763281
4687,4.210049691
4688,4.209303597
4689,4.208527155
4690,4.207722521
4691,4.206891852
4692,4.206037303
4693,4.205161031
4694,4.204265192
4695,4.203351942
4696,4.202423438
4697,4.201481835
4698,4.200529291
4699,4.19956796
4700,4.1986
4701,4.197626976
4702,4.196648093
4703,4.195661965
4704,4.194667207
4705,4.193662432
4706,4.192646254
4707,4.191617289
4708,4.19057415
4709,4.189515452
4710,4.188439809
4711,4.187345834
4712,4.186232143
4713,4.185097349
4714,4.183940067
4715,4.182758912
4716,4.181552496
4717,4.180319435
4718,4.179058343
4719,4.177767834
4720,4.176446522
4721,4.175093021
4722,4.173705946
4723,4.172283912
4724,4.170825531
4725,4.169329419
4726,4.16779419
4727,4.166218458
4728,4.164600837
4729,4.162939941
4730,4.161234385
4731,4.159482783
4732,4.15768375
4733,4.155835899
4734,4.153937844
4735,4.1519882
4736,4.149985582
4737,4.147928603
4738,4.145815878
4739,4.143646021
4740,4.141417645
4741,4.139129367
4742,4.136779799
4743,4.134367556
4744,4.131891252
4745,4.129349501
4746,4.126740918
4747,4.124064117
4748,4.121317712
4749,4.118500318
4750,4.115610548
4751,4.112647017
4752,4.109608339
4753,4.106493129
4754,4.1033
4755,4.100028297
4756,4.096680283
4757,4.093258952
4758,4.089767297
4759,4.086208312
4760,4.082584989
4761,4.078900323
4762,4.075157307
4763,4.071358934
4764,4.067508198
4765,4.063608091
4766,4.059661609
4767,4.055671743
4768,4.051641487
4769,4.047573836
4770,4.043471781
4771,4.039338317
4772,4.035176437
4773,4.030989135
4774,4.026779403
4775,4.022550236
4776,4.018304626
4777,4.014045568
4778,4.009776054
4779,4.005499078
4780,4.001217633
4781,3.996934714
4782,3.992653312
4783,3.988376422
4784,3.984107038
4785,3.979848151
4786,3.975602757
4787,3.971373848
4788,3.967164418
4789,3.96297746
4790,3.958815967
4791,3.954682934
4792,3.950581353
4793,3.946514218
4794,3.942484522
4795,3.938495259
4796,3.934549422
4797,3.930650004
4798,3.9268
4799,3.923001541
4800,3.919253319
4801,3.915553164
4802,3.911898905
4803,3.908288372
4804,3.904719397
4805,3.901189808
4806,3.897697436
4807,3.894240111
4808,3.890815663
4809,3.887421922
4810,3.884056719
4811,3.880717882
4812,3.877403243
4813,3.874110631
4814,3.870837877
4815,3.86758281
4816,3.864343261
4817,3.861117059
4818,3.857902035
4819,3.854696019
4820,3.851496841
4821,3.84830233
4822,3.845110318
4823,3.841918634
4824,3.838725108
4825,3.83552757
4826,3.83232385
4827,3.829111779
4828,3.825889186
4829,3.822653901
4830,3.819403755
4831,3.816136578
4832,3.8128502
4833,3.80954245
4834,3.806211159
4835,3.802854157
4836,3.799469273
4837,3.796054339
4838,3.792607184
4839,3.789125639
4840,3.785607532
4841,3.782050695
4842,3.778452957
4843,3.774812149
4844,3.7711261
4845,3.76739264
4846,3.763609601
4847,3.759774811
4848,3.755886101
4849,3.751941301
4850,3.74793824
4851,3.74387475
4852,3.73974866
4853,3.7355578
4854,3.7313
4855,3.726973965
4856,3.722581896
4857,3.718126868
4858,3.713611958
4859,3.709040242
4860,3.704414795
4861,3.699738693
4862,3.695015011
4863,3.690246826
4864,3.685437213
4865,3.680589248
4866,3.675706007
4867,3.670790565
4868,3.665845999
4869,3.660875383
4870,3.655881795
4871,3.650868309
4872,3.645838002
4873,3.640793949
4874,3.635739225
4875,3.630676908
4876,3.625610072
4877,3.620541793
4878,3.615475147
4879,3.61041321
4880,3.605359057
4881,3.600315765
4882,3.595286409
4883,3.590274065
4884,3.585281808
4885,3.580312715
4886,3.575369861
4887,3.570456322
4888,3.565575173
4889,3.560729492
4890,3.555922352
4891,3.551156831
4892,3.546436003
4893,3.541762945
4894,3.537140732
4895,3.53257244
4896,3.528061145
4897,3.523609923
4898,3.51922185
4899,3.5149
4900,3.510646637
4901,3.50646077
4902,3.502340596
4903,3.49828431
4904,3.494290108
4905,3.490356186
4906,3.486480741
4907,3.482661969
4908,3.478898066
4909,3.475187227
4910,3.47152765
4911,3.467917529
4912,3.464355062
4913,3.460838444
4914,3.457365872
4915,3.453935541
4916,3.450545647
4917,3.447194388
4918,3.443879958
4919,3.440600554
4920,3.437354372
4921,3.434139608
4922,3.430954458
4923,3.427797119
4924,3.424665786
4925,3.421558656
4926,3.418473924
4927,3.415409787
4928,3.412364441
4929,3.409336082
4930,3.406322906
4931,3.403323108
4932,3.400334887
4933,3.397356436
4934,3.394385953
4935,3.391421634
4936,3.388461674
4937,3.38550427
4938,3.382547617
4939,3.379589913
4940,3.376629353
4941,3.373664133
4942,3.370692449
4943,3.367712498
4944,3.364722475
4945,3.361720576
4946,3.358704998
4947,3.355673937
4948,3.352625589
4949,3.34955815
4950,3.346469816
4951,3.343358783
4952,3.340223248
4953,3.337061405
4954,3.333871453
4955,3.330651585
4956,3.3274
4957,3.324114892
4958,3.320794459
4959,3.317436895
4960,3.314040397
4961,3.310603162
4962,3.307123384
4963,3.303599262
4964,3.300028989
4965,3.296410764
4966,3.292742781
4967,3.289023237
4968,3.285250328
4969,3.281422249
4970,3.277537198
4971,3.27359337
4972,3.269588962
4973,3.265522169
4974,3.261391187
4975,3.257194213
4976,3.252929443
4977,3.248595073
4978,3.244189298
4979,3.239710316
4980,3.235156322
4981,3.230525512
4982,3.225816082
4983,3.221026229
4984,3.216154148
4985,3.211198036
4986,3.206156089
4987,3.201026503
4988,3.195807473
4989,3.190497197
4990,3.185093869
4991,3.179595688
4992,3.174000847
4993,3.168307544
4994,3.162513974
4995,3.156618334
4996,3.15061882
4997,3.144513628
4998,3.138300954
4999,3.131978994
5000,3.125545944
5001,3.119